{
  "constantv": 0.000308990478515625,
  "IDM": 0.00038504600524902344,
  "adapt": 0.0007369518280029297,
  "nn": 0.44599151611328125
}