{
  "constantv": 0.0002944469451904297,
  "IDM": 0.00037980079650878906,
  "adapt": 0.0006084442138671875,
  "regularized_adapt": 0.012511014938354492,
  "nn": 0.43342161178588867
}