{
  "constant velocity": 0.0003705024719238281,
  "IDM": 0.0004208087921142578,
  "interaction": 0.0007741451263427734,
  "adaptable interaction": 0.0044841766357421875,
  "regularized interaction": 0.0159909725189209,
  "neural network": 0.029306888580322266
}