{
  "constant velocity": 0.0003025531768798828,
  "IDM": 0.00037741661071777344,
  "adaptation": 0.0002951622009277344,
  "regularized adaptation": 0.0002925395965576172,
  "neural network": 0.004097700119018555
}