{
  "constant velocity": 0.0003046989440917969,
  "IDM": 0.0003914833068847656,
  "interaction": 0.0007183551788330078,
  "adapt interaction": 0.0018646717071533203,
  "regularized interaction": 0.0003120899200439453,
  "neural network": 0.003998994827270508
}