{
  "constantv": 0.0002968311309814453,
  "IDM": 0.000377655029296875,
  "adapt": 0.0006535053253173828,
  "nn": 0.4130823612213135
}