{
  "constantv": 0.00031566619873046875,
  "IDM": 0.0003898143768310547,
  "adapt": 0.000728607177734375,
  "regularized_adapt": 0.01619100570678711,
  "nn": 0.4709029197692871
}