{
  "constant velocity": 0.0003170967102050781,
  "IDM": 0.0004055500030517578,
  "adaptation": 0.0005078315734863281,
  "regularized adaptation": 0.0004620552062988281,
  "neural network": 0.004251956939697266
}