{
  "constant velocity": 0.00032973289489746094,
  "IDM": 0.0003941059112548828,
  "adaptation": 0.00031113624572753906,
  "regularized adaptation": 0.00030803680419921875,
  "neural network": 0.004018306732177734
}